-- Insert Cities
INSERT INTO city (id, name) VALUES (1, 'New York');
INSERT INTO city (id, name) VALUES (2, 'Los Angeles');
INSERT INTO city (id, name) VALUES (3, 'Chicago');
INSERT INTO city (id, name) VALUES (4, 'Houston');
INSERT INTO city (id, name) VALUES (5, 'Phoenix');
INSERT INTO city (id, name) VALUES (6, 'Philadelphia');
INSERT INTO city (id, name) VALUES (7, 'San Antonio');
INSERT INTO city (id, name) VALUES (8, 'San Diego');
INSERT INTO city (id, name) VALUES (9, 'Dallas');
INSERT INTO city (id, name) VALUES (10, 'San Jose');
INSERT INTO city (id, name) VALUES (11, 'London');
INSERT INTO city (id, name) VALUES (12, 'Paris');
INSERT INTO city (id, name) VALUES (13, 'Berlin');
INSERT INTO city (id, name) VALUES (14, 'Tokyo');
INSERT INTO city (id, name) VALUES (15, 'Sydney');
INSERT INTO city (id, name) VALUES (16, 'Toronto');
INSERT INTO city (id, name) VALUES (17, 'Dubai');
INSERT INTO city (id, name) VALUES (18, 'Mumbai');
INSERT INTO city (id, name) VALUES (19, 'São Paulo');
INSERT INTO city (id, name) VALUES (20, 'Cape Town');

-- Insert Hotels
INSERT INTO hotel (id, name, address, telephone_number, number_of_rooms, city_id) VALUES (1, 'Hotel California', '42 Sunset Blvd, Los Angeles', '123-456-7890', 10, 2);
INSERT INTO hotel (id, name, address, telephone_number, number_of_rooms, city_id) VALUES (2, 'The Grand Budapest Hotel', '1 Zubrowka Street, Zubrowka', '123-456-7891', 15, 13);
INSERT INTO hotel (id, name, address, telephone_number, number_of_rooms, city_id) VALUES (3, 'Ritz Paris', '15 Place Vendôme, Paris', '123-456-7892', 20, 12);
INSERT INTO hotel (id, name, address, telephone_number, number_of_rooms, city_id) VALUES (4, 'The Plaza', '768 5th Ave, New York', '123-456-7893', 25, 1);
INSERT INTO hotel (id, name, address, telephone_number, number_of_rooms, city_id) VALUES (5, 'Marina Bay Sands', '10 Bayfront Ave, Singapore', '123-456-7894', 30, 14);
INSERT INTO hotel (id, name, address, telephone_number, number_of_rooms, city_id) VALUES (6, 'Burj Al Arab', 'Jumeirah St, Dubai', '123-456-7895', 15, 17);
INSERT INTO hotel (id, name, address, telephone_number, number_of_rooms, city_id) VALUES (7, 'Taj Mahal Palace', 'Apollo Bandar, Mumbai', '123-456-7896', 20, 18);
INSERT INTO hotel (id, name, address, telephone_number, number_of_rooms, city_id) VALUES (8, 'Four Seasons Hotel Sydney', '199 George St, Sydney', '123-456-7897', 10, 15);
INSERT INTO hotel (id, name, address, telephone_number, number_of_rooms, city_id) VALUES (9, 'The Savoy', 'Strand, London', '123-456-7898', 25, 11);
INSERT INTO hotel (id, name, address, telephone_number, number_of_rooms, city_id) VALUES (10, 'Fairmont Royal York', '100 Front St W, Toronto', '123-456-7899', 20, 16);
INSERT INTO hotel (id, name, address, telephone_number, number_of_rooms, city_id) VALUES (11, 'Hilton Chicago', '720 S Michigan Ave, Chicago', '123-456-7800', 15, 3);
INSERT INTO hotel (id, name, address, telephone_number, number_of_rooms, city_id) VALUES (12, 'Hotel Icon', '17 Science Museum Rd, Hong Kong', '123-456-7801', 20, 14);
INSERT INTO hotel (id, name, address, telephone_number, number_of_rooms, city_id) VALUES (13, 'Park Hyatt Tokyo', '3-7-1-2 Nishi Shinjuku, Tokyo', '123-456-7802', 25, 14);
INSERT INTO hotel (id, name, address, telephone_number, number_of_rooms, city_id) VALUES (14, 'Palace Hotel Tokyo', '1-1-1 Marunouchi, Tokyo', '123-456-7803', 30, 14);
INSERT INTO hotel (id, name, address, telephone_number, number_of_rooms, city_id) VALUES (15, 'Shangri-La Hotel', '1 Tooley St, London', '123-456-7804', 15, 11);
INSERT INTO hotel (id, name, address, telephone_number, number_of_rooms, city_id) VALUES (16, 'The Oberoi', 'Dr. Zakir Hussain Marg, New Delhi', '123-456-7805', 20, 18);
INSERT INTO hotel (id, name, address, telephone_number, number_of_rooms, city_id) VALUES (17, 'Hotel Unique', 'Av. Brigadeiro Luís Antônio, São Paulo', '123-456-7806', 25, 19);
INSERT INTO hotel (id, name, address, telephone_number, number_of_rooms, city_id) VALUES (18, 'Belmond Mount Nelson Hotel', '76 Orange St, Cape Town', '123-456-7807', 30, 20);
INSERT INTO hotel (id, name, address, telephone_number, number_of_rooms, city_id) VALUES (19, 'The Peninsula', '700 Fifth Avenue, New York', '123-456-7808', 15, 1);
INSERT INTO hotel (id, name, address, telephone_number, number_of_rooms, city_id) VALUES (20, 'The Langham', '1c Portland Place, London', '123-456-7809', 20, 11);
INSERT INTO hotel (id, name, address, telephone_number, number_of_rooms, city_id) VALUES (21, 'Mandarin Oriental', '66 Knightsbridge, London', '123-456-7810', 25, 11);
INSERT INTO hotel (id, name, address, telephone_number, number_of_rooms, city_id) VALUES (22, 'The Ritz-Carlton', '181 Wellington St W, Toronto', '123-456-7811', 30, 16);
INSERT INTO hotel (id, name, address, telephone_number, number_of_rooms, city_id) VALUES (23, 'The Peninsula Paris', '19 Avenue Kléber, Paris', '123-456-7812', 15, 12);
INSERT INTO hotel (id, name, address, telephone_number, number_of_rooms, city_id) VALUES (24, 'Le Bristol Paris', '112 Rue du Faubourg Saint-Honoré, Paris', '123-456-7813', 20, 12);
INSERT INTO hotel (id, name, address, telephone_number, number_of_rooms, city_id) VALUES (25, 'Hotel de Crillon', '10 Place de la Concorde, Paris', '123-456-7814', 25, 12);
INSERT INTO hotel (id, name, address, telephone_number, number_of_rooms, city_id) VALUES (26, 'The St. Regis', '2 East 55th Street, New York', '123-456-7815', 30, 1);
INSERT INTO hotel (id, name, address, telephone_number, number_of_rooms, city_id) VALUES (27, 'The Waldorf Astoria', '301 Park Avenue, New York', '123-456-7816', 15, 1);
INSERT INTO hotel (id, name, address, telephone_number, number_of_rooms, city_id) VALUES (28, 'The Knickerbocker', '6 Times Square, New York', '123-456-7817', 20, 1);
INSERT INTO hotel (id, name, address, telephone_number, number_of_rooms, city_id) VALUES (29, 'The Peninsula Chicago', '108 E Superior St, Chicago', '123-456-7818', 25, 3);
INSERT INTO hotel (id, name, address, telephone_number, number_of_rooms, city_id) VALUES (30, 'The Drake', '140 E Walton Pl, Chicago', '123-456-7819', 30, 3);
INSERT INTO hotel (id, name, address, telephone_number, number_of_rooms, city_id) VALUES (31, 'The Houstonian', '111 N Post Oak Ln, Houston', '123-456-7820', 15, 4);
INSERT INTO hotel (id, name, address, telephone_number, number_of_rooms, city_id) VALUES (32, 'Hotel ZaZa', '5701 Main St, Houston', '123-456-7821', 20, 4);
INSERT INTO hotel (id, name, address, telephone_number, number_of_rooms, city_id) VALUES (33, 'The Phoenician', '6000 E Camelback Rd, Phoenix', '123-456-7822', 25, 5);
INSERT INTO hotel (id, name, address, telephone_number, number_of_rooms, city_id) VALUES (34, 'Arizona Biltmore', '2400 E Missouri Ave, Phoenix', '123-456-7823', 30, 5);
INSERT INTO hotel (id, name, address, telephone_number, number_of_rooms, city_id) VALUES (35, 'The Rittenhouse', '210 W Rittenhouse Square, Philadelphia', '123-456-7824', 15, 6);
INSERT INTO hotel (id, name, address, telephone_number, number_of_rooms, city_id) VALUES (36, 'The Logan', '1 Logan Square, Philadelphia', '123-456-7825', 20, 6);
INSERT INTO hotel (id, name, address, telephone_number, number_of_rooms, city_id) VALUES (37, 'Hotel Emma', '136 E Grayson St, San Antonio', '123-456-7826', 25, 7);
INSERT INTO hotel (id, name, address, telephone_number, number_of_rooms, city_id) VALUES (38, 'The St. Anthony', '300 E Travis St, San Antonio', '123-456-7827', 30, 7);
INSERT INTO hotel (id, name, address, telephone_number, number_of_rooms, city_id) VALUES (39, 'Hotel del Coronado', '1500 Orange Ave, San Diego', '123-456-7828', 15, 8);
INSERT INTO hotel (id, name, address, telephone_number, number_of_rooms, city_id) VALUES (40, 'The US Grant', '326 Broadway, San Diego', '123-456-7829', 20, 8);
INSERT INTO hotel (id, name, address, telephone_number, number_of_rooms, city_id) VALUES (41, 'The Joule', '1530 Main St, Dallas', '123-456-7830', 25, 9);
INSERT INTO hotel (id, name, address, telephone_number, number_of_rooms, city_id) VALUES (42, 'The Adolphus', '1321 Commerce St, Dallas', '123-456-7831', 30, 9);
INSERT INTO hotel (id, name, address, telephone_number, number_of_rooms, city_id) VALUES (43, 'Fairmont San Jose', '170 S Market St, San Jose', '123-456-7832', 15, 10);
INSERT INTO hotel (id, name, address, telephone_number, number_of_rooms, city_id) VALUES (44, 'The Westin San Jose', '302 S Market St, San Jose', '123-456-7833', 20, 10);
INSERT INTO hotel (id, name, address, telephone_number, number_of_rooms, city_id) VALUES (45, 'The Ritz-Carlton', '600 Stockton St, San Francisco', '123-456-7834', 25, 10);
INSERT INTO hotel (id, name, address, telephone_number, number_of_rooms, city_id) VALUES (46, 'Four Seasons Hotel', '757 Market St, San Francisco', '123-456-7835', 30, 10);
INSERT INTO hotel (id, name, address, telephone_number, number_of_rooms, city_id) VALUES (47, 'The Fairmont', '950 Mason St, San Francisco', '123-456-7836', 15, 10);
INSERT INTO hotel (id, name, address, telephone_number, number_of_rooms, city_id) VALUES (48, 'The St. Regis', '125 3rd St, San Francisco', '123-456-7837', 20, 10);
INSERT INTO hotel (id, name, address, telephone_number, number_of_rooms, city_id) VALUES (49, 'The Palace Hotel', '2 New Montgomery St, San Francisco', '123-456-7838', 25, 10);
INSERT INTO hotel (id, name, address, telephone_number, number_of_rooms, city_id) VALUES (50, 'Hotel Nikko', '222 Mason St, San Francisco', '123-456-7839', 30, 10);

-- Insert Rooms
INSERT INTO room (id, is_occupied, room_size, number_of_beds, has_balcony, has_tv, hotel_id) VALUES (1, false, 20, 1, true, true, 1);
INSERT INTO room (id, is_occupied, room_size, number_of_beds, has_balcony, has_tv, hotel_id) VALUES (2, false, 30, 2, false, true, 1);
INSERT INTO room (id, is_occupied, room_size, number_of_beds, has_balcony, has_tv, hotel_id) VALUES (3, true, 40, 3, true, false, 1);
INSERT INTO room (id, is_occupied, room_size, number_of_beds, has_balcony, has_tv, hotel_id) VALUES (4, false, 50, 4, false, true, 1);
INSERT INTO room (id, is_occupied, room_size, number_of_beds, has_balcony, has_tv, hotel_id) VALUES (5, true, 60, 1, true, false, 1);
INSERT INTO room (id, is_occupied, room_size, number_of_beds, has_balcony, has_tv, hotel_id) VALUES (6, false, 20, 1, false, true, 2);
INSERT INTO room (id, is_occupied, room_size, number_of_beds, has_balcony, has_tv, hotel_id) VALUES (7, true, 30, 2, true, false, 2);
INSERT INTO room (id, is_occupied, room_size, number_of_beds, has_balcony, has_tv, hotel_id) VALUES (8, false, 40, 3, false, true, 2);
INSERT INTO room (id, is_occupied, room_size, number_of_beds, has_balcony, has_tv, hotel_id) VALUES (9, true, 50, 4, true, false, 2);
INSERT INTO room (id, is_occupied, room_size, number_of_beds, has_balcony, has_tv, hotel_id) VALUES (10, false, 60, 1, false, true, 2);
INSERT INTO room (id, is_occupied, room_size, number_of_beds, has_balcony, has_tv, hotel_id) VALUES (11, true, 20, 1, true, false, 3);
INSERT INTO room (id, is_occupied, room_size, number_of_beds, has_balcony, has_tv, hotel_id) VALUES (12, false, 30, 2, false, true, 3);
INSERT INTO room (id, is_occupied, room_size, number_of_beds, has_balcony, has_tv, hotel_id) VALUES (13, true, 40, 3, true, false, 3);
INSERT INTO room (id, is_occupied, room_size, number_of_beds, has_balcony, has_tv, hotel_id) VALUES (14, false, 50, 4, false, true, 3);
INSERT INTO room (id, is_occupied, room_size, number_of_beds, has_balcony, has_tv, hotel_id) VALUES (15, true, 60, 1, true, false, 3);
INSERT INTO room (id, is_occupied, room_size, number_of_beds, has_balcony, has_tv, hotel_id) VALUES (16, false, 20, 1, false, true, 4);
INSERT INTO room (id, is_occupied, room_size, number_of_beds, has_balcony, has_tv, hotel_id) VALUES (17, true, 30, 2, true, false, 4);
INSERT INTO room (id, is_occupied, room_size, number_of_beds, has_balcony, has_tv, hotel_id) VALUES (18, false, 40, 3, false, true, 4);
INSERT INTO room (id, is_occupied, room_size, number_of_beds, has_balcony, has_tv, hotel_id) VALUES (19, true, 50, 4, true, false, 4);
INSERT INTO room (id, is_occupied, room_size, number_of_beds, has_balcony, has_tv, hotel_id) VALUES (20, false, 60, 1, false, true, 4);
INSERT INTO room (id, is_occupied, room_size, number_of_beds, has_balcony, has_tv, hotel_id) VALUES (21, true, 20, 1, true, false, 5);
INSERT INTO room (id, is_occupied, room_size, number_of_beds, has_balcony, has_tv, hotel_id) VALUES (22, false, 30, 2, false, true, 5);
INSERT INTO room (id, is_occupied, room_size, number_of_beds, has_balcony, has_tv, hotel_id) VALUES (23, true, 40, 3, true, false, 5);
INSERT INTO room (id, is_occupied, room_size, number_of_beds, has_balcony, has_tv, hotel_id) VALUES (24, false, 50, 4, false, true, 5
